{"Cms": 21.0, "vna": 50.0, "vk": -85.0, "vleaks": -58.0,
 "vm": -34.0, "vn": -29.0, "vmp": -40.0, "vh": -48.0, "sm": -5.0, "sn": -4.0,
 "smp": -6.0, "sh": 5.0, "taunb": 10.0, "tauhb": 10000.0, "gk": 11.2,
 "gna": 28.0, "gnap": 1.0, "Kcan": 0.74, "ncan": 0.97,
 "gl_CS": 1.0, "gl_CI": 1.0, "gl_TS": 0.8, "gl_Q": 1.285,
 "gcan_CS": 0.7, "gcan_CI": 0.0, "gcan_TS": 0.0, "gcan_Q": 0.0,
 "I": 1.0, "Ct": 1.25, "fi": 0.000025, "LL": 0.37,
 "P": 31000.0, "Ki": 1.0, "Ka": 0.4, "Ve": 400.0, "Ke": 0.2, "A": 0.005,
 "Kd": 0.4, "sigma": 0.185, "vsynE": 0.0, "vsynI": -70.0, 
 "vsyn": 0.0, "ssyn": -3.0, "ksyn": 1.0, "tausyn": 15.0,
 "I_apsE": 0.0, "I_apsI": 0.0}
