{"Nab": 5.0, "ELTS": -0.062, "simp": -0.006, "ECaN": 0.0, "Esyn": 0.0, "sih": 0.005, "alpha": 0.066, "gNa": 160.0, "Qh": -0.03, "gCaNSil": 0.0, "ELSil": -0.0605, "siN": -0.005, "kCAN": 0.9, "sis": -0.003, "Qhp": -0.048, "kCa": 22500.0, "ehp": 0.001, "Qm": -0.036, "Iapp": 0.0, "kIP3": 1200000.0, "gL": 3.0, "gK": 30.0, "Cab": 0.05, "sim": -0.0085, "tauhp": 0.001, "EL": -0.0625, "Qs": 0.015, "gCaNS": 10.0, "EK": -0.075, "kNa": 10.0, "gPI": 4.0, "gCaNTS": 0.0, "gCaNI": 0.0, "ELI": -0.0625, "sihp": 0.006, "Qn": -0.03, "ENa": 0.045, "siCAN": -5e-05, "Cm": 0.045, "eCa": 0.0007, "Qmp": -0.04, "tauh": 0.015, "gsyn": 2.5, "taun": 0.03, "ELS": -0.06, "taum": 0.001, "ks": 1.0, "taus": 0.015, "gPTS": 5.0, "gPSil": 0.6, "gPS": 0.5}